City_ID,City,Country,Lat,Lng,Max Temp,Humidity,Cloudiness,Wind Speed,Current Description,Date
0,Mezica,SI,46.52,14.85,75.99,70,94,3.0,light rain,2020-08-23 16:23:02
1,Wennigsen,DE,52.27,9.57,70.0,60,20,19.46,few clouds,2020-08-23 16:23:02
2,Mataura,NZ,-46.19,168.86,44.01,91,53,1.99,broken clouds,2020-08-23 16:16:45
3,Severo-Kurilsk,RU,50.68,156.12,51.67,71,99,5.12,overcast clouds,2020-08-23 16:21:37
4,Konevo,RU,62.12,39.32,59.16,92,100,10.33,overcast clouds,2020-08-23 16:20:06
5,Cururupu,BR,-1.83,-44.87,81.03,86,47,6.64,moderate rain,2020-08-23 16:23:03
6,Ushuaia,AR,-54.8,-68.3,35.6,74,40,16.11,shower rain,2020-08-23 16:20:36
7,Punta Arenas,CL,-53.15,-70.92,37.4,59,40,23.04,scattered clouds,2020-08-23 16:16:46
8,Puerto Palomas,MX,31.77,-107.62,87.8,22,1,8.05,clear sky,2020-08-23 16:23:03
9,Arraial Do Cabo,BR,-22.97,-42.03,71.6,68,75,9.17,broken clouds,2020-08-23 16:20:39
10,Kropotkin,RU,45.44,40.58,73.83,30,15,7.43,few clouds,2020-08-23 16:23:03
11,Aswan,EG,24.09,32.91,97.66,15,0,4.85,clear sky,2020-08-23 16:23:03
12,Cajibio,CO,2.62,-76.57,73.38,57,1,3.87,light rain,2020-08-23 16:23:04
13,Yellowknife,CA,62.46,-114.35,54.0,71,40,8.05,scattered clouds,2020-08-23 16:20:37
14,Lumajang,ID,-8.13,113.22,73.2,85,62,0.76,broken clouds,2020-08-23 16:23:04
15,Ribeira Grande,PT,38.52,-28.7,77.0,83,40,8.05,scattered clouds,2020-08-23 16:21:08
16,Otradnoye,RU,59.78,30.82,66.2,68,90,2.24,overcast clouds,2020-08-23 16:23:04
17,Saskylakh,RU,71.92,114.08,42.6,77,0,6.64,clear sky,2020-08-23 16:20:37
18,Bakchar,RU,57.02,82.07,53.29,98,78,3.8,broken clouds,2020-08-23 16:23:04
19,Fare,PF,-16.7,-151.02,76.77,76,1,19.22,clear sky,2020-08-23 16:23:04
20,Erenhot,CN,43.65,111.98,67.78,56,59,10.36,light rain,2020-08-23 16:21:11
21,Bara,NG,10.37,10.73,73.8,88,100,6.6,light rain,2020-08-23 16:23:05
22,Revelstoke,CA,50.98,-118.2,57.2,82,40,2.24,scattered clouds,2020-08-23 16:23:05
23,Ambovombe,MG,-25.17,46.08,69.28,81,0,11.07,clear sky,2020-08-23 16:23:05
24,Mardin,TR,37.31,40.74,93.2,17,0,8.05,clear sky,2020-08-23 16:23:05
25,Rikitea,PF,-23.12,-134.97,69.35,83,95,20.47,overcast clouds,2020-08-23 16:20:34
26,Kapaa,US,22.08,-159.32,77.0,94,90,9.04,overcast clouds,2020-08-23 16:20:43
27,Vila,PT,42.03,-8.16,82.99,57,26,11.41,scattered clouds,2020-08-23 16:20:46
28,Bluff,NZ,-46.6,168.33,45.0,91,29,5.01,scattered clouds,2020-08-23 16:20:55
29,Jamestown,US,42.1,-79.24,73.99,88,75,3.36,broken clouds,2020-08-23 16:20:36
30,Aksu,CN,41.12,80.26,83.05,21,0,5.21,clear sky,2020-08-23 16:23:06
31,Katsuura,JP,35.13,140.3,78.01,92,61,3.0,light rain,2020-08-23 16:18:17
32,Tuktoyaktuk,CA,69.45,-133.04,55.4,82,20,8.05,few clouds,2020-08-23 16:17:22
33,Rundu,NA,-17.93,19.77,81.91,16,0,4.63,clear sky,2020-08-23 16:23:06
34,Bredasdorp,ZA,-34.53,20.04,59.0,87,100,11.41,overcast clouds,2020-08-23 16:16:17
35,Leningradskiy,RU,69.38,178.42,43.43,90,100,9.95,overcast clouds,2020-08-23 16:20:47
36,Vaini,TO,-21.2,-175.2,73.4,94,7,6.93,clear sky,2020-08-23 16:20:35
37,Airai,TL,-8.93,125.41,56.97,40,49,4.12,scattered clouds,2020-08-23 16:21:07
38,Bossangoa,CF,6.49,17.46,72.97,95,100,1.48,moderate rain,2020-08-23 16:23:07
39,Busselton,AU,-33.65,115.33,46.0,76,1,5.14,clear sky,2020-08-23 16:20:38
40,Lagoa,PT,39.05,-27.98,73.72,88,44,13.02,scattered clouds,2020-08-23 16:17:42
41,Luderitz,NA,-26.65,15.16,63.39,60,0,14.34,clear sky,2020-08-23 16:16:34
42,Mount Gambier,AU,-37.83,140.77,39.2,86,40,3.36,scattered clouds,2020-08-23 16:21:07
43,Mecca,SA,21.43,39.83,97.38,20,29,9.98,scattered clouds,2020-08-23 16:18:13
44,Shikhany,RU,52.12,47.22,59.79,68,43,3.69,scattered clouds,2020-08-23 16:23:07
45,Padang,ID,-0.95,100.35,79.61,73,94,4.29,overcast clouds,2020-08-23 16:21:15
46,Atuona,PF,-9.8,-139.03,77.97,78,3,16.4,light rain,2020-08-23 16:20:35
47,Inta,RU,66.03,60.17,47.01,76,0,2.21,clear sky,2020-08-23 16:23:08
48,Meulaboh,ID,4.14,96.13,78.76,79,87,3.04,overcast clouds,2020-08-23 16:21:18
49,Butaritari,KI,3.07,172.79,82.81,69,80,11.01,broken clouds,2020-08-23 16:20:37
50,Ipira,BR,-12.16,-39.74,80.24,54,90,12.57,overcast clouds,2020-08-23 16:23:08
51,Dikson,RU,73.51,80.55,46.99,78,0,10.71,clear sky,2020-08-23 16:20:52
52,Lazaro Cardenas,MX,17.96,-102.2,82.83,84,74,4.92,light rain,2020-08-23 16:23:08
53,Coquimbo,CL,-29.95,-71.34,55.4,66,40,4.7,scattered clouds,2020-08-23 16:21:52
54,Tasiilaq,GL,65.61,-37.64,48.2,57,0,5.82,clear sky,2020-08-23 16:20:44
55,Saint Anthony,US,45.02,-93.22,84.99,69,1,3.36,clear sky,2020-08-23 16:18:33
56,Cherskiy,RU,68.75,161.3,38.19,94,100,14.92,light rain,2020-08-23 16:20:53
57,Walvis Bay,NA,-22.96,14.51,80.6,21,0,11.41,clear sky,2020-08-23 16:23:09
58,Sao Joao Da Barra,BR,-21.64,-41.05,75.2,50,75,13.87,broken clouds,2020-08-23 16:21:30
59,Arusha,TZ,-3.37,36.68,73.4,49,40,13.87,scattered clouds,2020-08-23 16:23:09
60,Kaitangata,NZ,-46.28,169.85,53.01,88,97,11.99,light rain,2020-08-23 16:20:38
61,Salihorsk,BY,52.79,27.54,65.61,97,100,8.08,moderate rain,2020-08-23 16:23:09
62,Udachnyy,RU,66.42,112.4,51.8,57,0,6.71,clear sky,2020-08-23 16:23:10
63,Albany,US,42.6,-73.97,82.99,65,20,9.17,few clouds,2020-08-23 16:16:20
64,Troitsko-Pechorsk,RU,62.71,56.2,53.87,81,96,1.5,overcast clouds,2020-08-23 16:23:10
65,Jumla,NP,29.27,82.18,62.91,72,77,0.34,broken clouds,2020-08-23 16:21:54
66,Rio Grande,BR,-32.03,-52.1,66.2,55,0,16.11,clear sky,2020-08-23 16:21:11
67,Longyearbyen,SJ,78.22,15.64,48.2,49,20,9.17,few clouds,2020-08-23 16:20:34
68,Puerto Ayora,EC,-0.74,-90.35,69.01,77,75,18.34,broken clouds,2020-08-23 16:20:35
69,Bambous Virieux,MU,-20.34,57.76,72.0,73,40,16.11,scattered clouds,2020-08-23 16:20:43
70,College,US,64.86,-147.8,54.0,93,75,2.04,broken clouds,2020-08-23 16:23:11
71,Belmopan,BZ,17.25,-88.77,89.01,61,75,4.0,broken clouds,2020-08-23 16:23:11
72,Thompson,CA,55.74,-97.86,46.4,100,90,8.05,light rain,2020-08-23 16:21:24
73,Flinders,AU,-34.58,150.86,52.0,58,0,11.01,clear sky,2020-08-23 16:20:49
74,Ilo,PE,-17.64,-71.34,63.59,70,4,8.75,clear sky,2020-08-23 16:23:11
75,Georgetown,MY,5.41,100.34,84.2,88,40,2.24,scattered clouds,2020-08-23 16:16:40
76,Hilo,US,19.73,-155.09,75.2,88,90,4.7,overcast clouds,2020-08-23 16:20:38
77,Komsomolskiy,UZ,40.43,71.72,78.8,41,0,6.93,clear sky,2020-08-23 16:16:22
78,Saint-Philippe,RE,-21.36,55.77,71.6,73,26,2.24,scattered clouds,2020-08-23 16:20:50
79,Sahaswan,IN,28.08,78.75,81.95,76,11,10.2,few clouds,2020-08-23 16:23:12
80,Xining,CN,36.62,101.77,53.44,81,10,1.1,clear sky,2020-08-23 16:21:14
81,Urdoma,RU,61.75,48.54,63.23,78,37,2.46,scattered clouds,2020-08-23 16:19:05
82,Mormugao,IN,15.4,73.8,79.43,88,81,10.76,moderate rain,2020-08-23 16:23:12
83,Anjar,IN,23.13,70.02,79.7,83,100,19.46,light rain,2020-08-23 16:23:12
84,Chinsali,ZM,-10.54,32.08,70.2,49,99,6.51,overcast clouds,2020-08-23 16:23:12
85,Khatanga,RU,71.97,102.5,56.19,66,90,8.72,overcast clouds,2020-08-23 16:16:20
86,Saint George,US,37.1,-113.58,86.0,33,1,0.18,clear sky,2020-08-23 16:20:33
87,Pisco,PE,-13.7,-76.22,62.01,82,90,9.17,overcast clouds,2020-08-23 16:16:59
88,East London,ZA,-33.02,27.91,63.28,74,10,5.37,clear sky,2020-08-23 16:20:58
89,Najran,SA,17.49,44.13,96.8,16,100,6.93,overcast clouds,2020-08-23 16:23:13
90,Hellvik,NO,59.92,5.78,55.4,76,75,16.11,light intensity shower rain,2020-08-23 16:23:13
91,Northam,GB,51.03,-4.22,62.01,81,100,11.01,overcast clouds,2020-08-23 16:20:40
92,Carnarvon,AU,-24.87,113.63,64.4,88,81,17.22,broken clouds,2020-08-23 16:19:57
93,Budaun,IN,28.05,79.12,81.55,77,11,9.6,few clouds,2020-08-23 16:23:13
94,Port Elizabeth,ZA,-33.92,25.57,60.8,77,20,20.8,few clouds,2020-08-23 16:21:03
95,Hithadhoo,MV,-0.6,73.08,82.67,78,50,12.86,moderate rain,2020-08-23 16:20:48
96,Nanortalik,GL,60.14,-45.24,47.23,78,4,3.22,clear sky,2020-08-23 16:20:41
97,Mahebourg,MU,-20.41,57.7,71.6,73,40,16.11,scattered clouds,2020-08-23 16:21:29
98,Namibe,AO,-15.2,12.15,71.6,68,75,20.8,broken clouds,2020-08-23 16:20:45
99,Kuala Terengganu,MY,5.33,103.14,80.6,88,20,6.15,few clouds,2020-08-23 16:23:14
100,Bethel,US,41.37,-73.41,84.99,69,1,5.82,clear sky,2020-08-23 16:17:20
101,Jablah,SY,35.36,35.93,87.8,45,0,4.7,clear sky,2020-08-23 16:23:14
102,Mayumba,GA,-3.43,10.66,75.0,80,48,9.46,scattered clouds,2020-08-23 16:23:05
103,Cape Town,ZA,-33.93,18.42,64.99,82,20,9.17,few clouds,2020-08-23 16:16:22
104,Evensk,RU,61.95,159.23,42.96,64,97,8.61,overcast clouds,2020-08-23 16:21:01
105,Vardo,NO,70.37,31.11,57.2,87,100,11.41,light rain,2020-08-23 16:22:04
106,Nikolskoye,RU,59.7,30.79,66.2,68,75,4.47,broken clouds,2020-08-23 16:20:52
107,Coihaique,CL,-45.58,-72.07,39.2,86,90,9.17,light rain,2020-08-23 16:20:43
108,Hermanus,ZA,-34.42,19.23,59.0,89,100,1.01,overcast clouds,2020-08-23 16:16:25
109,Tenenkou,ML,14.46,-4.92,88.99,50,91,9.98,overcast clouds,2020-08-23 16:23:15
110,Vermillion,US,42.78,-96.93,84.99,70,1,3.36,clear sky,2020-08-23 16:23:15
111,Australind,AU,-33.27,115.72,46.0,76,0,4.21,clear sky,2020-08-23 16:23:16
112,Beringovskiy,RU,63.05,179.32,49.64,88,4,6.44,clear sky,2020-08-23 16:21:13
113,Sangar,RU,63.92,127.47,38.98,88,9,1.68,clear sky,2020-08-23 16:22:05
114,San Rafael,AR,-34.62,-68.33,63.88,25,0,7.85,clear sky,2020-08-23 16:23:16
115,Naze,JP,28.37,129.48,84.2,89,75,8.05,broken clouds,2020-08-23 16:20:48
116,Kavieng,PG,-2.57,150.8,77.23,91,100,11.52,moderate rain,2020-08-23 16:20:53
117,Gidam,IN,18.98,81.4,75.63,92,100,2.19,overcast clouds,2020-08-23 16:23:16
118,Cidreira,BR,-30.18,-50.21,63.0,63,0,14.27,clear sky,2020-08-23 16:16:37
119,Madang,PG,-5.22,145.8,77.47,90,100,7.09,moderate rain,2020-08-23 16:23:17
120,Westport,US,41.14,-73.36,84.99,69,1,6.93,clear sky,2020-08-23 16:23:17
121,Mamallapuram,IN,12.63,80.17,84.2,83,40,9.17,scattered clouds,2020-08-23 16:23:17
122,Upernavik,GL,72.79,-56.15,45.07,80,80,9.28,broken clouds,2020-08-23 16:17:13
123,Bengkulu,ID,-3.8,102.27,77.2,89,96,4.5,overcast clouds,2020-08-23 16:18:58
124,Shishou,CN,29.72,112.42,80.37,84,0,7.74,clear sky,2020-08-23 16:23:17
125,Luba,GQ,3.46,8.55,75.99,85,100,9.95,light rain,2020-08-23 16:23:17
126,Orel-Izumrud,RU,43.46,39.92,75.2,73,40,6.71,scattered clouds,2020-08-23 16:23:18
127,Hobyo,SO,5.35,48.53,76.37,77,42,26.57,scattered clouds,2020-08-23 16:19:03
128,Constitucion,CL,-35.33,-72.42,52.97,78,100,21.3,overcast clouds,2020-08-23 16:21:51
129,Stornoway,GB,58.21,-6.39,55.0,66,99,9.17,overcast clouds,2020-08-23 16:21:54
130,Aksarka,RU,66.56,67.8,52.86,86,99,11.65,overcast clouds,2020-08-23 16:23:18
131,Novikovo,RU,51.15,37.89,68.81,54,23,3.44,few clouds,2020-08-23 16:21:26
132,Shestakovo,RU,56.49,103.96,55.67,90,98,1.41,overcast clouds,2020-08-23 16:23:18
133,Tuatapere,NZ,-46.13,167.68,45.0,91,69,5.01,broken clouds,2020-08-23 16:21:20
134,Sobolevo,RU,54.43,31.9,66.9,83,77,7.87,broken clouds,2020-08-23 16:23:19
135,Kieta,PG,-6.22,155.63,76.57,86,100,2.64,moderate rain,2020-08-23 16:21:37
136,Homer,US,59.64,-151.55,55.99,93,90,5.82,overcast clouds,2020-08-23 16:23:19
137,Hobart,AU,-42.88,147.33,44.6,70,40,12.75,light rain,2020-08-23 16:20:11
138,New Norfolk,AU,-42.78,147.06,39.99,85,8,1.01,clear sky,2020-08-23 16:20:44
139,Konstantinovka,RU,49.62,127.98,63.1,80,100,3.47,overcast clouds,2020-08-23 16:23:19
140,Barrow,US,71.29,-156.79,37.4,93,90,11.41,fog,2020-08-23 16:16:23
141,Half Moon Bay,US,37.46,-122.43,69.01,100,40,5.82,scattered clouds,2020-08-23 16:18:35
142,La Ronge,CA,55.1,-105.28,62.6,63,75,17.22,broken clouds,2020-08-23 16:20:41
143,Ngama,TD,11.78,17.17,83.73,69,77,6.24,broken clouds,2020-08-23 16:23:20
144,Port Alfred,ZA,-33.59,26.89,60.46,79,1,10.6,clear sky,2020-08-23 16:20:36
145,Kamenka,RU,51.32,42.77,71.01,51,5,7.02,clear sky,2020-08-23 16:21:58
146,Santa Helena De Goias,BR,-17.81,-50.6,80.15,42,34,5.95,scattered clouds,2020-08-23 16:23:20
147,Korla,CN,41.76,86.15,82.0,63,26,3.0,scattered clouds,2020-08-23 16:20:35
148,Evans,US,33.53,-82.13,84.99,70,20,5.91,few clouds,2020-08-23 16:23:20
149,Qaanaaq,GL,77.48,-69.36,37.13,87,100,1.45,overcast clouds,2020-08-23 16:20:39
150,Blagoyevo,RU,63.37,47.92,64.35,77,68,5.57,broken clouds,2020-08-23 16:21:04
151,Lompoc,US,34.64,-120.46,75.2,73,1,2.75,clear sky,2020-08-23 16:22:11
152,Lata,PT,40.16,-8.33,82.99,49,28,9.62,scattered clouds,2020-08-23 16:21:04
153,San Lorenzo,PY,-25.33,-57.53,71.6,43,0,12.75,clear sky,2020-08-23 16:18:24
154,Jiayuguan,CN,39.82,98.3,71.6,22,16,6.2,few clouds,2020-08-23 16:23:21
155,Bonavista,CA,48.65,-53.11,64.99,77,0,1.99,clear sky,2020-08-23 16:21:35
156,Liberal,US,37.04,-100.92,86.0,42,1,14.99,clear sky,2020-08-23 16:23:21
157,Ballina,AU,-28.87,153.57,51.01,59,0,11.41,clear sky,2020-08-23 16:18:43
158,Kahului,US,20.89,-156.47,78.8,65,1,6.93,clear sky,2020-08-23 16:18:38
159,San Patricio,MX,19.22,-104.7,84.2,83,75,6.93,broken clouds,2020-08-23 16:21:45
160,Calabar,NG,4.95,8.32,75.36,93,100,3.4,moderate rain,2020-08-23 16:23:22
161,Moose Factory,CA,51.26,-80.61,57.2,67,1,6.93,clear sky,2020-08-23 16:23:22
162,Mocuba,MZ,-16.84,36.99,70.97,64,58,5.84,broken clouds,2020-08-23 16:23:22
163,Catuday,PH,16.29,119.81,80.98,84,100,8.81,light rain,2020-08-23 16:23:22
164,Pervoye Maya,RU,56.16,44.72,68.0,82,0,2.24,clear sky,2020-08-23 16:23:22
165,Margate,GB,51.38,1.39,72.0,53,26,3.0,light rain,2020-08-23 16:21:39
166,Karasjok,NO,69.47,25.51,64.4,63,75,21.92,broken clouds,2020-08-23 16:23:23
167,Narsaq,GL,60.92,-46.05,55.4,62,0,9.17,clear sky,2020-08-23 16:21:00
168,Chodavaram,IN,17.83,82.95,84.2,89,90,8.05,mist,2020-08-23 16:23:23
169,Victoria,HK,22.29,114.16,84.0,74,100,7.58,overcast clouds,2020-08-23 16:19:25
170,Saint-Joseph,RE,-21.37,55.62,69.8,73,12,2.24,few clouds,2020-08-23 16:21:51
171,Paragominas,BR,-2.97,-47.48,97.07,35,40,4.63,scattered clouds,2020-08-23 16:23:23
172,Los Llanos De Aridane,ES,28.66,-17.92,80.01,69,20,18.34,few clouds,2020-08-23 16:21:47
173,Olafsvik,IS,64.89,-23.71,52.38,63,42,7.61,scattered clouds,2020-08-23 16:23:24
174,Turukhansk,RU,65.82,87.98,56.52,86,100,8.55,light rain,2020-08-23 16:23:24
175,Sitka,US,57.05,-135.33,55.4,93,90,4.7,light rain,2020-08-23 16:20:04
176,Colares,PT,38.8,-9.45,79.0,50,0,29.97,clear sky,2020-08-23 16:21:19
177,Elat,IL,29.56,34.95,100.4,37,0,13.87,clear sky,2020-08-23 16:23:24
178,Mar Del Plata,AR,-38.0,-57.56,60.8,48,0,14.99,clear sky,2020-08-23 16:21:23
179,Esperance,AU,-33.87,121.9,48.2,100,30,6.93,scattered clouds,2020-08-23 16:20:59
180,Mackay,AU,-21.15,149.2,48.2,81,42,1.12,scattered clouds,2020-08-23 16:18:33
181,Polis,CY,35.04,32.43,86.0,58,0,3.36,clear sky,2020-08-23 16:23:25
182,Umm Kaddadah,SD,13.6,26.69,96.78,27,84,6.55,broken clouds,2020-08-23 16:23:25
183,Abu Zabad,SD,12.35,29.25,81.97,63,94,12.28,light rain,2020-08-23 16:23:25
184,Troitskoye,RU,52.98,84.68,54.99,90,89,7.07,overcast clouds,2020-08-23 16:23:25
185,Chuy,UY,-33.7,-53.46,61.75,55,0,9.55,clear sky,2020-08-23 16:19:13
186,Chara,RU,56.91,118.26,55.27,80,100,2.66,overcast clouds,2020-08-23 16:23:25
187,Clarence Town,AU,-32.58,151.78,51.01,57,3,19.46,clear sky,2020-08-23 16:23:25
188,Vila Do Maio,CV,15.13,-23.22,86.0,70,75,13.87,broken clouds,2020-08-23 16:23:26
189,Kodiak,US,57.79,-152.41,55.4,82,90,3.36,overcast clouds,2020-08-23 16:20:51
190,Hambantota,LK,6.12,81.12,80.6,94,20,9.17,few clouds,2020-08-23 16:20:47
191,Khash,IR,28.22,61.22,84.96,36,12,14.2,few clouds,2020-08-23 16:23:26
192,Provideniya,RU,64.38,-173.3,49.64,92,97,4.41,overcast clouds,2020-08-23 16:16:23
193,Caucaia,BR,-3.74,-38.65,84.2,58,40,19.46,scattered clouds,2020-08-23 16:23:26
194,Santa Rita,BR,-7.11,-34.98,84.2,58,40,14.99,scattered clouds,2020-08-23 16:23:26
195,Okha,RU,53.57,142.95,48.78,93,0,2.59,clear sky,2020-08-23 16:23:26
196,Bonthe,SL,7.53,-12.51,80.65,79,97,12.24,light rain,2020-08-23 16:22:09
197,Gao,ML,16.64,1.64,96.91,31,55,5.46,broken clouds,2020-08-23 16:23:27
198,Meylan,FR,45.22,5.79,78.01,55,82,5.99,broken clouds,2020-08-23 16:23:27
199,Grootfontein,NA,-19.57,18.12,78.62,17,0,8.39,clear sky,2020-08-23 16:23:27
200,Jasper,US,37.2,-94.35,86.0,51,1,16.11,clear sky,2020-08-23 16:17:58
201,Avarua,CK,-21.21,-159.78,71.6,78,4,5.82,clear sky,2020-08-23 16:20:44
202,Kabansk,RU,52.05,106.65,59.0,77,90,9.44,overcast clouds,2020-08-23 16:23:27
203,Faanui,PF,-16.48,-151.75,76.37,76,1,19.51,clear sky,2020-08-23 16:17:30
204,Yuksekova,TR,37.57,44.29,59.0,82,75,5.82,broken clouds,2020-08-23 16:23:28
205,Torres,BR,-29.34,-49.73,63.3,61,0,9.4,clear sky,2020-08-23 16:23:28
206,Moron,AR,-34.65,-58.62,64.4,51,0,16.11,clear sky,2020-08-23 16:18:35
207,Port Hedland,AU,-20.32,118.57,64.4,59,0,4.7,clear sky,2020-08-23 16:23:28
208,Aden,YE,12.78,45.04,87.1,63,10,3.49,clear sky,2020-08-23 16:21:32
209,Kampong Chhnang,KH,12.17,104.55,79.03,80,79,5.88,broken clouds,2020-08-23 16:23:28
210,Vostok,RU,46.49,135.88,54.12,90,100,3.71,overcast clouds,2020-08-23 16:23:28
211,Schwabmunchen,DE,48.18,10.75,72.0,64,40,6.93,scattered clouds,2020-08-23 16:23:28
212,Lodja,CD,-3.48,23.43,74.37,89,100,0.54,light rain,2020-08-23 16:22:01
213,Erechim,BR,-27.63,-52.27,60.28,64,0,8.01,clear sky,2020-08-23 16:20:14
214,Castro,BR,-24.79,-50.01,57.22,70,40,11.65,scattered clouds,2020-08-23 16:19:08
215,Graaff-Reinet,ZA,-32.25,24.53,75.99,11,0,1.99,clear sky,2020-08-23 16:23:29
216,Eregli,TR,37.51,34.05,76.08,27,0,7.85,clear sky,2020-08-23 16:23:29
217,Cocobeach,GA,1.0,9.58,82.4,74,40,10.29,scattered clouds,2020-08-23 16:23:29
218,Chokurdakh,RU,70.63,147.92,30.2,99,95,7.16,overcast clouds,2020-08-23 16:16:57
219,Mandalgovi,MN,45.76,106.27,60.46,59,26,16.55,scattered clouds,2020-08-23 16:18:17
220,San Quintin,MX,30.48,-115.95,75.6,71,0,3.11,clear sky,2020-08-23 16:21:03
221,Cabo San Lucas,MX,22.89,-109.91,91.4,41,40,4.7,scattered clouds,2020-08-23 16:19:52
222,Codrington,AU,-38.27,141.97,42.22,82,56,8.05,broken clouds,2020-08-23 16:17:07
223,Masterton,NZ,-40.96,175.66,50.0,94,99,3.0,moderate rain,2020-08-23 16:23:30
224,Hamilton,US,39.18,-84.53,81.0,69,40,4.45,scattered clouds,2020-08-23 16:19:14
225,Shangzhi,CN,45.22,127.97,63.97,90,84,1.88,broken clouds,2020-08-23 16:23:30
226,North Platte,US,41.12,-100.77,84.99,57,1,4.7,clear sky,2020-08-23 16:21:40
227,Lasa,IT,46.62,10.7,66.0,63,75,6.93,broken clouds,2020-08-23 16:20:57
228,Pevek,RU,69.7,170.31,37.36,96,100,4.65,overcast clouds,2020-08-23 16:20:40
229,Boshnyakovo,RU,49.63,142.17,57.58,92,72,1.86,broken clouds,2020-08-23 16:23:31
230,Noumea,NC,-22.28,166.46,73.0,94,90,2.24,overcast clouds,2020-08-23 16:18:13
231,Eschwege,DE,51.18,10.07,70.0,62,10,1.99,clear sky,2020-08-23 16:23:31
232,Krasnoselkup,RU,65.7,82.47,51.17,93,66,4.63,broken clouds,2020-08-23 16:23:31
233,Wabag,PG,-5.48,143.7,51.51,93,84,2.42,broken clouds,2020-08-23 16:23:31
234,Lichinga,MZ,-13.31,35.24,62.44,64,100,5.55,overcast clouds,2020-08-23 16:21:27
235,Pacific Grove,US,36.62,-121.92,64.4,72,40,3.36,haze,2020-08-23 16:19:30
236,Hue,VN,16.47,107.6,80.6,88,40,2.24,scattered clouds,2020-08-23 16:21:40
237,Outlook,CA,51.5,-107.05,68.0,47,53,3.0,broken clouds,2020-08-23 16:23:32
238,Torbay,CA,47.67,-52.73,70.0,45,20,10.29,few clouds,2020-08-23 16:21:18
239,Iralaya,HN,15.0,-83.23,89.6,70,40,4.7,scattered clouds,2020-08-23 16:23:32
240,Itarema,BR,-2.92,-39.92,85.71,55,3,20.11,clear sky,2020-08-23 16:21:28
241,Qaqortoq,GL,60.72,-46.03,55.4,62,0,9.17,clear sky,2020-08-23 16:21:59
242,Chapleau,CA,47.84,-83.4,66.2,93,90,5.82,overcast clouds,2020-08-23 16:23:32
243,Lebu,CL,-37.62,-73.65,51.35,91,100,19.37,light rain,2020-08-23 16:20:54
244,Booue,GA,-0.09,11.94,86.0,53,96,5.86,light rain,2020-08-23 16:23:33
245,Sao Filipe,CV,14.9,-24.5,79.95,77,95,7.29,overcast clouds,2020-08-23 16:22:04
246,Ponta Do Sol,PT,32.67,-17.1,84.2,30,20,18.34,few clouds,2020-08-23 16:20:43
247,Maragogi,BR,-9.01,-35.22,79.02,69,23,11.9,few clouds,2020-08-23 16:23:33
248,Fort-Shevchenko,KZ,44.51,50.26,71.98,54,100,18.14,overcast clouds,2020-08-23 16:23:33
249,Aykhal,RU,66.0,111.5,51.8,57,0,6.71,clear sky,2020-08-23 16:21:27
250,Cortez,US,37.35,-108.59,75.2,31,1,4.7,clear sky,2020-08-23 16:23:33
251,Araouane,ML,18.9,-3.53,101.89,26,0,9.55,clear sky,2020-08-23 16:21:38
252,Astoria,US,46.19,-123.83,61.0,87,1,2.95,clear sky,2020-08-23 16:23:34
253,Caravelas,BR,-17.71,-39.25,68.58,88,100,12.77,light rain,2020-08-23 16:21:16
254,Shimoda,JP,34.67,138.95,70.0,93,26,7.14,scattered clouds,2020-08-23 16:23:34
255,Port Lincoln,AU,-34.73,135.87,48.02,80,74,4.72,broken clouds,2020-08-23 16:21:33
256,Fallon,US,39.47,-118.78,82.0,14,1,4.79,haze,2020-08-23 16:21:49
257,Adolfo Lopez Mateos,MX,28.47,-107.3,73.99,66,67,5.01,broken clouds,2020-08-23 16:23:34
258,Surgut,RU,61.25,73.42,55.4,100,20,4.47,few clouds,2020-08-23 16:23:34
259,Tiksi,RU,71.69,128.87,37.65,81,80,9.64,broken clouds,2020-08-23 16:20:42
260,Buta,CD,2.79,24.73,70.48,95,100,1.45,overcast clouds,2020-08-23 16:23:35
261,Elliot Lake,CA,46.38,-82.63,73.4,78,1,9.17,clear sky,2020-08-23 16:23:35
262,Ust-Tsilma,RU,65.44,52.15,61.93,76,4,5.48,clear sky,2020-08-23 16:23:35
263,Alofi,NU,-19.06,-169.92,73.4,88,84,8.05,broken clouds,2020-08-23 16:21:04
264,General Pico,AR,-35.66,-63.76,63.48,31,0,21.03,clear sky,2020-08-23 16:23:35
265,Muros,ES,42.78,-9.06,84.0,64,20,10.29,few clouds,2020-08-23 16:21:10
266,Santa Rosa,PH,14.31,121.11,82.99,83,100,2.24,overcast clouds,2020-08-23 16:23:35
267,Baikunthpur,IN,23.25,82.55,76.14,86,38,3.74,scattered clouds,2020-08-23 16:23:36
268,Nalut,LY,30.33,10.85,101.3,10,0,13.49,clear sky,2020-08-23 16:23:36
269,Kirkwall,GB,58.98,-2.96,53.6,66,75,10.29,broken clouds,2020-08-23 16:23:36
270,Velasco Ibarra,EC,-1.05,-79.62,82.31,54,26,3.15,scattered clouds,2020-08-23 16:23:36
271,Antofagasta,CL,-23.65,-70.4,57.2,76,90,11.41,overcast clouds,2020-08-23 16:23:36
272,Ulagan,RU,50.63,87.96,47.73,67,33,1.45,scattered clouds,2020-08-23 16:23:36
273,Pontianak,ID,-0.03,109.33,77.27,89,73,1.28,broken clouds,2020-08-23 16:23:37
274,Kodinsk,RU,58.69,99.18,55.24,88,100,1.41,overcast clouds,2020-08-23 16:23:03
275,Tautira,PF,-17.73,-149.15,69.8,77,20,2.24,few clouds,2020-08-23 16:21:22
276,Clyde River,CA,70.47,-68.59,43.41,88,100,8.32,overcast clouds,2020-08-23 16:17:53
277,Ouadda,CF,8.08,22.4,74.34,87,89,2.06,light rain,2020-08-23 16:23:37
278,Oistins,BB,13.07,-59.53,87.8,70,20,11.41,shower rain,2020-08-23 16:20:13
279,Lagoa Formosa,BR,-18.78,-46.41,66.0,70,88,3.0,overcast clouds,2020-08-23 16:23:38
280,Jizan,SA,17.33,42.67,93.2,67,20,9.17,few clouds,2020-08-23 16:23:38
281,Kavaratti,IN,10.57,72.64,82.72,77,51,10.96,broken clouds,2020-08-23 16:21:59
282,Khandagayty,RU,50.73,92.05,53.15,64,100,2.77,overcast clouds,2020-08-23 16:23:38
283,Katete,UG,-0.78,29.75,72.84,57,51,1.57,broken clouds,2020-08-23 16:23:38
284,Luoyang,CN,34.68,112.45,75.99,99,96,1.86,light rain,2020-08-23 16:23:38
285,Longyan,CN,25.11,117.02,75.04,83,7,1.57,clear sky,2020-08-23 16:23:38
286,Alice Springs,AU,-23.7,133.88,55.4,35,0,6.93,clear sky,2020-08-23 16:20:54
287,Sistranda,NO,63.73,8.83,54.0,66,75,19.46,broken clouds,2020-08-23 16:23:39
288,Phan Thiet,VN,10.93,108.1,79.02,87,100,7.07,overcast clouds,2020-08-23 16:23:39
289,Devils Lake,US,48.11,-98.87,73.4,64,1,12.75,clear sky,2020-08-23 16:23:39
290,Dakar,SN,14.69,-17.44,86.0,79,75,18.34,broken clouds,2020-08-23 16:23:39
291,Bud,US,39.45,-86.18,82.0,69,1,4.94,clear sky,2020-08-23 16:20:48
292,Saldanha,ZA,-33.01,17.94,62.6,67,100,9.17,overcast clouds,2020-08-23 16:20:49
293,Kununurra,AU,-15.77,128.73,66.2,22,1,3.36,clear sky,2020-08-23 16:21:37
294,Tecoanapa,MX,16.52,-98.75,84.51,70,77,2.48,broken clouds,2020-08-23 16:23:39
295,Panaba,MX,21.28,-88.27,88.39,63,87,5.55,overcast clouds,2020-08-23 16:23:40
296,Launceston,AU,-41.45,147.17,37.4,88,0,4.7,clear sky,2020-08-23 16:23:40
297,Fort Nelson,CA,58.81,-122.7,53.6,93,90,2.24,mist,2020-08-23 16:23:40
298,Sokolow Podlaski,PL,52.41,22.25,79.0,53,100,4.99,overcast clouds,2020-08-23 16:23:40
299,Cardenas,CU,23.04,-81.2,87.8,70,40,10.29,scattered clouds,2020-08-23 16:23:40
300,Kastamonu,TR,41.5,33.67,68.47,67,47,5.64,scattered clouds,2020-08-23 16:23:41
301,Egvekinot,RU,66.32,-179.17,46.15,96,99,3.44,light rain,2020-08-23 16:20:52
302,Vaitape,PF,-16.52,-151.75,77.2,75,0,19.48,clear sky,2020-08-23 16:23:41
303,Cooma,AU,-36.23,149.13,32.0,95,75,9.17,broken clouds,2020-08-23 16:23:41
304,Santa Brigida,ES,28.03,-15.5,89.6,43,20,27.51,few clouds,2020-08-23 16:23:41
305,Ayagoz,KZ,47.97,80.44,69.51,36,99,3.22,overcast clouds,2020-08-23 16:23:41
306,Kalianget,ID,-7.05,113.93,79.77,80,50,12.48,scattered clouds,2020-08-23 16:23:42
307,Laguna De Perlas,NI,12.34,-83.67,86.0,70,20,4.7,few clouds,2020-08-23 16:23:42
308,Black River,JM,18.03,-77.85,87.8,74,20,5.82,few clouds,2020-08-23 16:23:42
309,Nicoya,CR,10.15,-85.45,77.0,94,75,3.36,broken clouds,2020-08-23 16:23:42
310,Norman Wells,CA,65.28,-126.83,57.2,76,20,10.29,few clouds,2020-08-23 16:21:07
311,Luis Correia,BR,-2.88,-41.67,89.82,47,3,12.8,clear sky,2020-08-23 16:23:42
312,Haines Junction,CA,60.75,-137.51,51.37,76,89,2.48,overcast clouds,2020-08-23 16:21:09
313,Port Macquarie,AU,-31.43,152.92,48.99,53,0,14.03,clear sky,2020-08-23 16:21:51
314,Granard,IE,53.77,-7.5,59.95,82,95,15.99,light rain,2020-08-23 16:23:43
315,Fairbanks,US,64.84,-147.72,54.0,87,75,3.36,broken clouds,2020-08-23 16:17:30
316,Yulara,AU,-25.24,130.99,64.4,35,0,12.75,clear sky,2020-08-23 16:20:42
317,Avera,US,33.19,-82.53,82.4,74,75,8.37,broken clouds,2020-08-23 16:23:43
318,Port Blair,IN,11.67,92.75,82.06,80,100,8.86,overcast clouds,2020-08-23 16:17:02
319,Poum,NC,-20.23,164.02,71.92,81,79,12.55,broken clouds,2020-08-23 16:22:09
320,Danville,US,36.59,-79.39,84.0,69,75,5.82,broken clouds,2020-08-23 16:23:43
321,Klaksvik,FO,62.23,-6.59,50.0,76,89,17.22,light rain,2020-08-23 16:20:54
322,Kaeo,NZ,-35.1,173.78,55.0,3,0,11.01,light rain,2020-08-23 16:22:07
323,Nambucca Heads,AU,-30.65,153.0,52.0,49,0,5.82,clear sky,2020-08-23 16:23:44
324,Sur,OM,22.57,59.53,80.74,75,94,12.86,overcast clouds,2020-08-23 16:20:45
325,Mungeli,IN,22.07,81.68,79.9,82,26,6.69,scattered clouds,2020-08-23 16:23:44
326,Motul,MX,21.1,-89.28,93.0,66,75,4.7,broken clouds,2020-08-23 16:23:44
327,Acajutla,SV,13.59,-89.83,77.0,88,40,2.24,scattered clouds,2020-08-23 16:23:25
328,Hibbing,US,47.43,-92.94,71.6,83,90,4.7,overcast clouds,2020-08-23 16:23:45
329,Bagan,RU,54.1,77.66,56.97,83,0,4.72,clear sky,2020-08-23 16:23:45
330,Tuy Hoa,VN,13.08,109.3,79.9,83,100,4.72,overcast clouds,2020-08-23 16:23:45
331,Sao Jose Da Coroa Grande,BR,-8.9,-35.15,79.29,68,29,11.79,scattered clouds,2020-08-23 16:18:59
332,Buchanan,LR,5.88,-10.05,77.0,94,75,5.82,light intensity drizzle,2020-08-23 16:23:45
333,Micheweni,TZ,-4.97,39.83,76.51,76,6,11.48,clear sky,2020-08-23 16:23:45
334,Emerald,AU,-23.53,148.17,50.0,46,20,3.36,few clouds,2020-08-23 16:23:45
335,Shitanjing,CN,39.23,106.34,65.3,60,0,5.53,clear sky,2020-08-23 16:23:46
336,Talaya,RU,61.38,152.75,31.53,95,100,4.14,overcast clouds,2020-08-23 16:20:38
337,Mahibadhoo,MV,3.78,72.97,83.66,68,92,2.55,light rain,2020-08-23 16:23:46
338,Pontes E Lacerda,BR,-15.23,-59.34,98.33,19,0,1.07,clear sky,2020-08-23 16:23:46
339,Scarborough,GB,54.28,-0.4,62.01,89,85,1.99,moderate rain,2020-08-23 16:20:58
340,Grindavik,IS,63.84,-22.43,55.4,71,95,9.17,overcast clouds,2020-08-23 16:20:47
341,Martapura,ID,-3.42,114.85,77.0,83,28,4.7,scattered clouds,2020-08-23 16:23:46
342,Garissa,KE,-0.45,39.64,82.92,48,51,21.52,broken clouds,2020-08-23 16:21:49
343,Morgantown,US,39.63,-79.96,80.6,57,40,9.17,scattered clouds,2020-08-23 16:23:47
344,Severnyy,RU,50.68,36.55,75.2,38,100,2.24,overcast clouds,2020-08-23 16:23:47
345,Acapulco,MX,16.86,-99.89,82.4,83,75,3.36,broken clouds,2020-08-23 16:21:58
346,Iqaluit,CA,63.75,-68.51,46.4,75,75,4.7,broken clouds,2020-08-23 16:20:49
347,Nyurba,RU,63.28,118.33,42.17,75,0,3.27,clear sky,2020-08-23 16:23:47
348,Varangaon,IN,21.02,75.9,77.05,87,100,8.32,overcast clouds,2020-08-23 16:23:48
349,Neuquen,AR,-38.95,-68.06,55.4,43,9,4.7,clear sky,2020-08-23 16:21:13
350,Naco,MX,31.33,-109.95,80.01,42,43,1.99,scattered clouds,2020-08-23 16:23:48
351,Pringsewu,ID,-5.36,104.97,73.22,85,0,0.72,clear sky,2020-08-23 16:23:48
352,Aplahoue,BJ,6.93,1.68,82.47,66,99,8.52,overcast clouds,2020-08-23 16:23:48
353,Dalbandin,PK,28.89,64.41,94.03,31,22,19.26,few clouds,2020-08-23 16:23:48
354,Igarka,RU,67.47,86.58,56.84,93,100,6.26,light rain,2020-08-23 16:21:26
355,Almaznyy,RU,48.04,40.05,75.2,27,0,6.71,clear sky,2020-08-23 16:23:48
356,Methoni,GR,36.82,21.7,93.2,23,20,8.05,few clouds,2020-08-23 16:23:49
357,Mukacheve,UA,48.44,22.72,68.0,94,40,6.71,light intensity shower rain,2020-08-23 16:23:49
358,Geraldton,AU,-28.77,114.6,51.8,93,75,3.36,broken clouds,2020-08-23 16:21:15
359,Ascension,US,30.22,-90.9,87.8,66,40,8.05,scattered clouds,2020-08-23 16:23:49
360,Marzuq,YE,14.4,46.47,84.56,44,63,9.31,broken clouds,2020-08-23 16:23:49
361,Humen,CN,22.82,113.67,86.0,83,81,11.18,broken clouds,2020-08-23 16:23:49
362,Jiangyou,CN,31.77,104.72,70.45,87,100,4.65,light rain,2020-08-23 16:23:49
363,Aklavik,CA,68.22,-135.01,55.4,87,75,5.82,broken clouds,2020-08-23 16:20:03
364,Sartell,US,45.62,-94.21,80.6,74,1,3.36,clear sky,2020-08-23 16:23:50
365,Puerto Escondido,MX,15.85,-97.07,80.6,69,90,2.35,overcast clouds,2020-08-23 16:21:11
366,Porto Santo,PT,33.07,-16.34,77.0,69,20,18.34,few clouds,2020-08-23 16:23:50
367,Hurghada,EG,27.26,33.81,96.8,30,0,3.36,clear sky,2020-08-23 16:23:50
368,Moratuwa,LK,6.77,79.88,84.2,79,40,9.17,scattered clouds,2020-08-23 16:23:50
369,Cienaga De Oro,CO,8.87,-75.62,84.2,79,40,6.93,scattered clouds,2020-08-23 16:23:51
370,Lavrentiya,RU,65.58,-171.0,46.62,95,95,5.39,overcast clouds,2020-08-23 16:21:41
371,Shubarshi,KZ,48.59,57.19,66.25,51,100,4.27,overcast clouds,2020-08-23 16:23:51
372,Asau,RO,46.43,26.4,77.0,70,12,4.25,few clouds,2020-08-23 16:23:51
373,Eureka,US,40.8,-124.16,57.0,100,1,1.61,clear sky,2020-08-23 16:21:45
374,Baruun-Urt,MN,46.68,113.28,57.69,84,61,3.06,broken clouds,2020-08-23 16:21:34
375,Souillac,MU,-20.52,57.52,71.6,73,40,16.11,scattered clouds,2020-08-23 16:21:06
376,Muzhi,RU,65.37,64.67,52.74,79,33,7.07,scattered clouds,2020-08-23 16:23:52
377,Cayenne,GF,4.93,-52.33,84.2,83,0,9.17,light rain,2020-08-23 16:21:03
378,Vitim,RU,59.45,112.56,53.71,65,0,6.4,clear sky,2020-08-23 16:23:52
379,Kruisfontein,ZA,-34.0,24.73,60.01,76,23,3.0,few clouds,2020-08-23 16:19:36
380,Kamaishi,JP,39.27,141.88,72.57,83,98,2.53,overcast clouds,2020-08-23 16:23:52
381,Platteville,US,42.73,-90.48,77.0,83,75,1.36,broken clouds,2020-08-23 16:23:52
382,Talnakh,RU,69.49,88.4,59.0,87,100,6.71,light rain,2020-08-23 16:20:42
383,Lorengau,PG,-2.02,147.27,78.69,85,100,9.89,moderate rain,2020-08-23 16:21:04
384,Anadyr,RU,64.75,177.48,50.0,93,40,4.47,light rain,2020-08-23 16:21:56
385,Maxixe,MZ,-23.86,35.35,71.01,77,0,2.24,clear sky,2020-08-23 16:23:53
386,Hurricane,US,37.18,-113.29,86.0,33,1,0.85,clear sky,2020-08-23 16:23:53
387,Beaverlodge,CA,55.22,-119.44,57.2,62,20,13.87,few clouds,2020-08-23 16:23:53
388,Nuuk,GL,64.18,-51.72,41.0,93,99,3.36,overcast clouds,2020-08-23 16:21:58
389,Vila Velha,BR,-20.33,-40.29,73.4,60,75,19.46,broken clouds,2020-08-23 16:21:32
390,Rincon,US,32.3,-81.24,77.0,88,90,6.93,light rain,2020-08-23 16:21:57
391,Fort Madison,US,40.63,-91.32,84.2,69,1,4.7,clear sky,2020-08-23 16:23:54
392,Halifax,CA,44.65,-63.57,81.0,45,44,8.75,scattered clouds,2020-08-23 16:20:32
393,Vao,NC,-22.67,167.48,70.52,79,100,5.59,overcast clouds,2020-08-23 16:23:54
394,Talagang,PK,32.93,72.42,90.91,49,7,4.16,clear sky,2020-08-23 16:23:54
395,Bialogard,PL,54.01,15.99,73.0,98,62,12.3,light rain,2020-08-23 16:21:29
396,Vestmannaeyjar,IS,63.44,-20.27,55.4,66,95,9.17,overcast clouds,2020-08-23 16:21:53
397,Barra Do Garcas,BR,-15.89,-52.26,91.67,28,4,7.18,clear sky,2020-08-23 16:23:54
398,Knysna,ZA,-34.04,23.05,59.0,77,75,3.36,broken clouds,2020-08-23 16:23:54
399,Kargil,IN,34.57,76.1,68.34,27,0,6.33,clear sky,2020-08-23 16:21:29
400,Brooks,CA,50.58,-111.89,64.0,51,84,1.01,broken clouds,2020-08-23 16:23:55
401,San Cristobal,VE,7.77,-72.22,78.8,69,75,6.93,broken clouds,2020-08-23 16:21:22
402,Cartagena,CO,10.4,-75.51,84.2,83,40,8.05,scattered clouds,2020-08-23 16:20:50
403,Zhucheng,CN,35.99,119.4,75.83,94,67,10.74,broken clouds,2020-08-23 16:23:55
404,Rockland,US,41.17,-74.05,86.0,69,73,4.36,broken clouds,2020-08-23 16:23:55
405,Henties Bay,NA,-22.12,14.28,64.0,76,0,1.99,clear sky,2020-08-23 16:23:55
406,Salinopolis,BR,-0.61,-47.36,83.35,76,26,11.27,light rain,2020-08-23 16:21:40
407,Laguna,US,38.42,-121.42,75.99,56,1,4.7,clear sky,2020-08-23 16:20:37
408,Sambava,MG,-14.27,50.17,71.89,77,100,14.16,light rain,2020-08-23 16:20:47
409,Sao Raimundo Nonato,BR,-9.02,-42.7,94.64,24,15,9.33,few clouds,2020-08-23 16:23:56
410,Nueva Concepcion,GT,14.2,-91.3,80.6,78,75,4.7,broken clouds,2020-08-23 16:23:56
411,Sinnamary,GF,5.38,-52.95,84.38,73,1,8.61,light rain,2020-08-23 16:21:55
412,Touros,BR,-5.2,-35.46,82.4,61,40,17.22,scattered clouds,2020-08-23 16:21:57
413,Yinchuan,CN,38.47,106.27,65.71,73,0,9.35,clear sky,2020-08-23 16:23:56
414,Beloha,MG,-25.17,45.05,68.56,78,1,11.59,clear sky,2020-08-23 16:23:56
415,San Policarpo,PH,12.18,125.51,79.95,84,68,5.95,broken clouds,2020-08-23 16:23:57
416,Honiara,SB,-9.43,159.95,73.4,100,75,3.36,broken clouds,2020-08-23 16:23:57
417,Celestun,MX,20.87,-90.4,87.03,62,10,3.74,clear sky,2020-08-23 16:20:59
418,Pirapo,PY,-26.85,-55.53,69.8,40,0,11.41,clear sky,2020-08-23 16:23:57
419,Kefamenanu,ID,-9.45,124.48,65.77,92,21,3.8,few clouds,2020-08-23 16:23:57
420,Meadow Lake,US,34.8,-106.54,80.6,26,75,5.82,broken clouds,2020-08-23 16:23:58
421,Isangel,VU,-19.55,169.27,71.6,94,5,3.36,clear sky,2020-08-23 16:20:41
422,Kirakira,SB,-10.45,161.92,79.81,81,96,7.76,overcast clouds,2020-08-23 16:21:18
423,Paracuru,BR,-3.41,-39.03,80.01,67,9,25.01,clear sky,2020-08-23 16:23:58
424,Hami,CN,42.8,93.45,83.62,19,97,5.66,overcast clouds,2020-08-23 16:20:43
425,Soe,ID,-9.86,124.28,61.65,91,9,5.61,clear sky,2020-08-23 16:23:58
426,Tiznit,MA,29.58,-9.5,98.15,19,20,9.86,few clouds,2020-08-23 16:23:58
427,Taltal,CL,-25.4,-70.48,59.63,60,26,6.06,scattered clouds,2020-08-23 16:21:12
428,Camabatela,AO,-8.19,15.38,70.5,72,93,2.48,light rain,2020-08-23 16:23:59
429,Woodway,US,31.51,-97.2,87.8,43,1,3.36,clear sky,2020-08-23 16:23:59
430,Grand Gaube,MU,-20.01,57.66,72.0,68,22,5.99,few clouds,2020-08-23 16:21:37
431,Desaguadero,PE,-16.57,-69.04,52.88,40,0,3.11,clear sky,2020-08-23 16:23:59
432,Zhanaozen,KZ,43.3,52.8,70.74,32,73,9.19,broken clouds,2020-08-23 16:23:59
433,Qingdao,CN,36.1,120.37,79.0,88,20,11.18,few clouds,2020-08-23 16:23:59
434,Khomeyn,IR,33.64,50.08,72.95,21,0,13.27,clear sky,2020-08-23 16:23:59
435,Tezu,IN,27.92,96.17,76.78,85,47,3.2,light rain,2020-08-23 16:24:00
436,Santander Jimenez,MX,24.22,-98.47,87.1,54,0,3.24,clear sky,2020-08-23 16:24:00
437,Concordia,AR,-31.39,-58.02,68.0,37,0,12.75,clear sky,2020-08-23 16:21:53
438,Mindelo,CV,16.89,-24.98,79.88,83,48,10.47,scattered clouds,2020-08-23 16:24:00
439,Sawtell,AU,-30.38,153.1,48.2,49,0,5.82,clear sky,2020-08-23 16:24:00
440,Brookings,US,44.31,-96.8,82.4,61,1,4.94,clear sky,2020-08-23 16:22:54
441,Pangnirtung,CA,66.15,-65.71,42.8,93,90,10.29,mist,2020-08-23 16:21:14
442,Oktyabrskiy,RU,54.48,53.47,57.13,81,1,1.57,clear sky,2020-08-23 16:24:01
443,Gamba,GA,-2.65,10.0,74.84,76,46,8.79,scattered clouds,2020-08-23 16:21:14
444,Ballarat,AU,-37.57,143.85,43.0,87,59,1.01,broken clouds,2020-08-23 16:20:28
445,Goderich,CA,43.75,-81.72,82.0,78,17,1.99,few clouds,2020-08-23 16:22:03
446,Mont-De-Marsan,FR,44.0,-0.67,80.6,44,90,4.7,overcast clouds,2020-08-23 16:24:01
447,Yeppoon,AU,-23.13,150.73,44.6,75,26,7.02,scattered clouds,2020-08-23 16:24:01
448,Sioux Lookout,CA,50.1,-91.92,71.6,83,90,4.7,overcast clouds,2020-08-23 16:17:24
449,Pinawa,CA,50.15,-95.88,68.02,87,96,4.72,overcast clouds,2020-08-23 16:24:02
450,Gbarnga,LR,7.0,-9.47,75.22,89,99,6.24,overcast clouds,2020-08-23 16:24:02
451,Banda Aceh,ID,5.56,95.32,80.74,76,67,5.21,broken clouds,2020-08-23 16:20:46
452,Lebanon,US,36.21,-86.29,82.0,69,90,5.82,overcast clouds,2020-08-23 16:23:04
453,Broken Hill,AU,-31.95,141.43,42.8,67,0,6.93,clear sky,2020-08-23 16:24:02
454,Amahai,ID,-3.33,128.92,76.42,83,89,4.54,overcast clouds,2020-08-23 16:22:09
455,Samarai,PG,-10.62,150.67,75.45,76,100,14.09,overcast clouds,2020-08-23 16:21:42
456,Warrington,GB,53.39,-2.58,64.0,77,40,6.93,light rain,2020-08-23 16:24:03
457,Iluppur,IN,10.51,78.62,75.2,94,75,3.36,thunderstorm with light rain,2020-08-23 16:24:03
458,Alugan,PH,12.22,125.48,79.39,85,73,5.59,broken clouds,2020-08-23 16:24:03
459,Mudanjiang,CN,44.58,129.6,64.53,90,94,4.16,overcast clouds,2020-08-23 16:24:03
460,Grand-Santi,GF,4.25,-54.38,96.1,39,17,3.02,few clouds,2020-08-23 16:24:03
461,Boyarka,UA,50.32,30.3,80.6,39,0,6.71,clear sky,2020-08-23 16:24:03
462,Sorland,NO,67.67,12.69,51.8,87,75,18.34,light intensity shower rain,2020-08-23 16:20:38
463,Sovetskoye,RU,52.29,85.41,56.01,79,24,6.4,few clouds,2020-08-23 16:19:06
464,Amudat,UG,1.95,34.95,76.57,52,38,5.64,scattered clouds,2020-08-23 16:24:04
465,Koslan,RU,63.46,48.9,63.91,71,54,4.38,broken clouds,2020-08-23 16:20:06
466,Sisimiut,GL,66.94,-53.67,48.22,74,3,6.22,clear sky,2020-08-23 16:21:10
467,Banjar,ID,-8.19,114.97,78.8,100,20,9.17,few clouds,2020-08-23 16:24:04
468,Tiarei,PF,-17.53,-149.33,69.8,77,20,2.24,few clouds,2020-08-23 16:21:02
469,Sterling,US,39.01,-77.43,84.99,66,75,3.71,broken clouds,2020-08-23 16:24:04
470,Felipe Carrillo Puerto,MX,19.58,-88.05,91.04,56,100,3.27,overcast clouds,2020-08-23 16:24:05
471,Brae,GB,60.4,-1.35,51.8,76,75,16.11,broken clouds,2020-08-23 16:20:50
472,La Ligua,CL,-32.45,-71.23,57.2,62,75,18.34,broken clouds,2020-08-23 16:24:05
473,Enshi,CN,30.3,109.48,75.69,82,22,1.14,few clouds,2020-08-23 16:24:05
474,Kota Kinabalu,MY,5.97,116.07,77.0,94,20,3.36,few clouds,2020-08-23 16:24:05
475,Verkhnetulomskiy,RU,68.61,31.8,62.6,88,75,6.71,broken clouds,2020-08-23 16:24:05
476,Galle,LK,6.04,80.22,80.51,84,8,6.08,clear sky,2020-08-23 16:20:46
477,Visavadar,IN,21.38,70.68,76.71,94,100,11.07,light rain,2020-08-23 16:24:06
478,Upata,VE,8.01,-62.4,82.99,78,39,8.99,moderate rain,2020-08-23 16:24:06
479,Tomatlan,MX,19.93,-105.25,88.92,67,39,2.91,scattered clouds,2020-08-23 16:24:06
480,Vikhorevka,RU,56.12,101.16,55.4,93,96,4.47,overcast clouds,2020-08-23 16:24:06
481,Stokmarknes,NO,68.56,14.91,55.4,93,75,9.17,shower rain,2020-08-23 16:24:06
482,Ipilan,PH,8.84,117.9,81.23,72,98,2.66,overcast clouds,2020-08-23 16:24:06
483,Andenes,NO,69.31,16.12,59.0,93,75,1.12,light intensity drizzle,2020-08-23 16:24:06
484,Constantine,DZ,36.37,6.61,89.6,38,20,10.29,few clouds,2020-08-23 16:21:50
485,Port Moresby,PG,-9.44,147.18,75.2,78,20,23.04,few clouds,2020-08-23 16:21:35
486,Manggar,ID,-2.88,108.27,80.78,80,73,9.66,broken clouds,2020-08-23 16:24:07
487,Ahipara,NZ,-35.17,173.17,55.17,80,39,17.67,light rain,2020-08-23 16:21:20
488,Dunedin,NZ,-45.87,170.5,48.99,96,100,4.0,light rain,2020-08-23 16:23:35
489,Honningsvag,NO,70.98,25.97,60.8,77,40,10.29,scattered clouds,2020-08-23 16:24:07
490,Havelock,US,34.88,-76.9,86.0,62,20,6.93,few clouds,2020-08-23 16:21:59
491,Fortuna,US,40.6,-124.16,60.01,100,90,2.17,overcast clouds,2020-08-23 16:21:00
492,La Palma,US,33.85,-118.05,82.4,65,75,2.26,broken clouds,2020-08-23 16:22:31
493,Isiro,CD,2.77,27.62,70.75,98,100,2.71,light rain,2020-08-23 16:20:19
494,Kopargaon,IN,19.88,74.48,76.39,80,100,12.01,overcast clouds,2020-08-23 16:24:08
495,Mulanje,MW,-16.03,35.5,66.09,63,50,5.5,scattered clouds,2020-08-23 16:24:08
496,Karatau,KZ,43.17,70.47,78.64,21,39,6.73,scattered clouds,2020-08-23 16:24:08
497,Rawson,AR,-43.3,-65.1,62.35,31,70,8.34,broken clouds,2020-08-23 16:18:44
498,Shache,CN,38.42,77.24,80.56,16,0,9.15,clear sky,2020-08-23 16:24:08
499,Antequera,ES,37.02,-4.56,84.2,70,20,10.29,few clouds,2020-08-23 16:24:08
500,Jishou,CN,28.32,109.72,77.85,82,1,2.19,clear sky,2020-08-23 16:24:08
501,Bontang,ID,0.13,117.5,77.95,85,11,7.2,few clouds,2020-08-23 16:24:09
502,Pryazha,RU,61.69,33.62,64.4,88,95,11.18,light rain,2020-08-23 16:24:09
503,Belyy Yar,RU,53.6,91.39,64.4,63,99,11.18,light rain,2020-08-23 16:21:08
504,Los Algarrobos,PA,8.5,-82.43,84.2,70,20,5.82,few clouds,2020-08-23 16:24:09
505,Santa Vitoria Do Palmar,BR,-33.52,-53.37,61.84,55,0,9.51,clear sky,2020-08-23 16:23:04
506,Mogok,MM,22.92,96.5,65.88,100,90,3.65,overcast clouds,2020-08-23 16:24:09
507,Gimbi,ET,9.17,35.83,59.74,100,100,2.21,light rain,2020-08-23 16:24:10
508,Majene,ID,-3.54,118.97,76.46,78,3,11.7,clear sky,2020-08-23 16:21:15
509,Areia Branca,BR,-4.96,-37.14,87.37,45,52,14.7,broken clouds,2020-08-23 16:24:10
510,Salalah,OM,17.02,54.09,77.0,100,90,5.82,overcast clouds,2020-08-23 16:24:10
511,Abu Kamal,SY,34.45,40.92,91.49,17,0,13.69,clear sky,2020-08-23 16:24:10
512,Port Hardy,CA,50.7,-127.42,55.98,83,100,1.61,overcast clouds,2020-08-23 16:21:19
513,Ondjiva,AO,-17.07,15.73,89.6,21,5,6.93,clear sky,2020-08-23 16:24:10
514,Matay,EG,28.42,30.78,96.82,18,0,12.03,clear sky,2020-08-23 16:24:10
515,Hede,CN,33.77,120.25,75.58,92,0,7.09,clear sky,2020-08-23 16:24:11
516,Country Club,US,25.95,-80.32,93.0,66,40,17.22,scattered clouds,2020-08-23 16:23:01
517,Ketchikan,US,55.34,-131.65,55.4,100,90,9.17,moderate rain,2020-08-23 16:24:11
518,Bantry,IE,51.68,-9.45,62.6,72,75,17.22,broken clouds,2020-08-23 16:24:11
519,Ancud,CL,-41.87,-73.82,51.01,100,90,12.75,overcast clouds,2020-08-23 16:16:55
520,Kirksville,US,40.19,-92.58,84.2,54,1,13.87,clear sky,2020-08-23 16:22:55
521,Jega,NG,12.22,4.38,86.81,59,89,9.82,overcast clouds,2020-08-23 16:24:11
522,Formosa,AR,-26.18,-58.18,77.0,31,0,13.87,clear sky,2020-08-23 16:24:11
523,Svetlogorsk,BY,52.63,29.73,71.46,73,84,6.17,broken clouds,2020-08-23 16:24:12
524,Rangia,IN,26.47,91.63,86.0,100,75,10.29,mist,2020-08-23 16:24:12
525,Zempoala,MX,19.45,-96.42,87.8,66,20,3.83,haze,2020-08-23 16:24:12
526,Portland,US,45.52,-122.68,63.0,67,20,5.82,few clouds,2020-08-23 16:20:06
527,Shingu,JP,33.73,135.98,75.33,90,100,3.96,overcast clouds,2020-08-23 16:24:12
528,San Jeronimo,PE,-11.95,-75.28,60.98,36,1,1.77,clear sky,2020-08-23 16:24:12
529,Mount Pleasant,US,32.79,-79.86,77.0,94,20,6.06,few clouds,2020-08-23 16:24:12
530,Teya,RU,60.38,92.63,51.8,88,4,2.95,clear sky,2020-08-23 16:21:05
531,Sabha,LY,27.04,14.43,94.73,13,0,13.53,clear sky,2020-08-23 16:24:13
532,Gravelbourg,CA,49.88,-106.55,68.07,41,1,10.13,clear sky,2020-08-23 16:24:13
533,Erdenet,MN,49.03,104.08,48.22,87,2,3.8,clear sky,2020-08-23 16:24:13
534,Wuxue,CN,29.85,115.55,80.04,83,0,3.04,clear sky,2020-08-23 16:24:13
535,Hofn,IS,64.25,-15.21,55.4,71,75,6.93,broken clouds,2020-08-23 16:17:00
536,Khawhai,IN,23.37,93.12,63.19,100,73,1.48,light rain,2020-08-23 16:24:13
537,Rorvik,NO,64.86,11.24,53.6,66,40,16.11,scattered clouds,2020-08-23 16:24:13
538,Igrim,RU,63.19,64.42,55.2,82,97,6.08,overcast clouds,2020-08-23 16:24:14
539,Tetiz,MX,20.97,-89.93,93.0,66,75,4.7,broken clouds,2020-08-23 16:24:14
540,Ulladulla,AU,-35.35,150.47,48.2,57,0,16.11,clear sky,2020-08-23 16:24:14
541,Faro,PT,37.02,-7.93,78.8,57,0,6.93,clear sky,2020-08-23 16:24:14
542,Mount Isa,AU,-20.73,139.5,55.4,28,0,3.36,clear sky,2020-08-23 16:22:03
543,Krasnoarmeysk,RU,51.02,45.7,66.99,44,16,1.01,few clouds,2020-08-23 16:24:14
544,Kostomuksha,RU,64.57,30.58,62.58,75,1,10.54,light rain,2020-08-23 16:21:25
545,Makushino,RU,55.21,67.24,56.23,90,100,6.13,light rain,2020-08-23 16:21:06
546,Roma,US,43.21,-75.46,84.0,58,1,3.65,clear sky,2020-08-23 16:24:15
547,Lakhdenpokhya,RU,61.52,30.2,68.0,60,80,11.54,broken clouds,2020-08-23 16:24:15
548,Tamandare,BR,-8.76,-35.1,79.54,66,42,11.39,scattered clouds,2020-08-23 16:24:15
549,Inuvik,CA,68.35,-133.72,59.0,67,75,5.82,broken clouds,2020-08-23 16:21:27
550,Gizo,SB,-8.1,156.84,77.31,82,100,11.01,moderate rain,2020-08-23 16:20:50
551,Harnosand,SE,62.63,17.94,68.0,52,68,4.7,light rain,2020-08-23 16:24:15
552,Marsh Harbour,BS,26.54,-77.06,86.23,75,62,20.04,broken clouds,2020-08-23 16:21:03
553,Tazovskiy,RU,67.47,78.7,54.81,93,100,7.67,light rain,2020-08-23 16:24:16
554,Kenora,CA,49.82,-94.43,68.0,82,90,4.7,overcast clouds,2020-08-23 16:24:16
555,Nagutskoye,RU,44.44,42.88,69.01,59,89,4.47,overcast clouds,2020-08-23 16:24:16
556,Lexington,US,37.99,-84.48,79.0,74,20,8.05,few clouds,2020-08-23 16:21:09
557,Villamontes,BO,-21.25,-63.5,77.4,19,0,4.43,clear sky,2020-08-23 16:24:16
558,Batticaloa,LK,7.71,81.69,83.8,72,41,12.1,light rain,2020-08-23 16:24:16
559,Yenagoa,NG,4.92,6.26,79.72,77,100,8.12,overcast clouds,2020-08-23 16:24:16
560,Agropoli,IT,40.35,15.0,84.2,70,0,6.93,clear sky,2020-08-23 16:24:16
561,Iracoubo,GF,5.48,-53.2,83.3,77,0,9.62,light rain,2020-08-23 16:24:17
562,Teplodar,UA,46.51,30.33,77.0,50,0,6.71,clear sky,2020-08-23 16:24:17
563,Alta Floresta,BR,-9.88,-56.09,89.6,31,0,4.7,clear sky,2020-08-23 16:21:12
564,Ostrovnoy,RU,68.05,39.51,58.3,88,100,19.53,light rain,2020-08-23 16:24:17
565,Huarmey,PE,-10.07,-78.15,66.22,64,49,7.85,scattered clouds,2020-08-23 16:24:17
566,Paamiut,GL,61.99,-49.67,42.67,88,5,5.53,clear sky,2020-08-23 16:24:17
567,Onokhoy,RU,51.93,108.07,59.0,77,90,6.29,overcast clouds,2020-08-23 16:24:18
568,Phek,IN,25.67,94.5,63.18,100,51,1.43,light rain,2020-08-23 16:24:18
569,Marang,MY,5.21,103.21,80.6,88,20,6.55,few clouds,2020-08-23 16:24:18
570,Srandakan,ID,-7.94,110.25,76.42,82,83,4.72,broken clouds,2020-08-23 16:24:18
571,Gilbues,BR,-9.83,-45.34,95.04,23,16,8.46,few clouds,2020-08-23 16:24:18
572,Barahona,DO,18.21,-71.1,75.2,100,90,18.34,thunderstorm with rain,2020-08-23 16:24:19
573,Saint-Louis,SN,16.33,-15.0,100.4,45,20,4.7,few clouds,2020-08-23 16:24:19
574,Sete,FR,43.4,3.7,89.6,25,0,14.99,clear sky,2020-08-23 16:24:19
575,Oyem,GA,1.6,11.58,71.2,95,100,4.09,moderate rain,2020-08-23 16:24:19
576,Staritsa,RU,56.51,34.94,65.73,71,98,8.68,overcast clouds,2020-08-23 16:24:19
577,Badin,PK,24.66,68.84,81.05,79,100,17.74,light rain,2020-08-23 16:24:20
578,Altamira,BR,-3.2,-52.21,89.6,62,75,5.82,broken clouds,2020-08-23 16:24:20
579,Goure,NE,13.98,10.27,92.62,36,98,5.84,overcast clouds,2020-08-23 16:21:11
580,Ejura,GH,7.39,-1.36,85.44,61,88,3.13,overcast clouds,2020-08-23 16:24:20
581,Ilulissat,GL,69.22,-51.1,46.4,52,0,3.36,clear sky,2020-08-23 16:21:23
582,Sorso,IT,40.8,8.58,80.6,51,20,11.41,few clouds,2020-08-23 16:24:20
583,Praia,CV,14.92,-23.51,86.0,70,75,13.87,broken clouds,2020-08-23 16:20:43
584,Guerrero Negro,MX,27.98,-114.06,79.16,59,88,14.23,overcast clouds,2020-08-23 16:21:30
585,Pemangkat,ID,1.17,108.97,79.48,83,53,3.24,broken clouds,2020-08-23 16:24:20
586,Waddan,LY,29.16,16.14,95.4,19,0,13.0,clear sky,2020-08-23 16:24:21
587,Namatanai,PG,-3.67,152.43,77.65,86,99,4.45,moderate rain,2020-08-23 16:21:40
588,Peniche,PT,39.36,-9.38,78.01,61,14,11.01,few clouds,2020-08-23 16:21:46
589,Mehamn,NO,71.04,27.85,68.0,68,54,10.29,broken clouds,2020-08-23 16:17:08
590,Plaridel,PH,14.89,120.86,82.99,83,100,2.24,overcast clouds,2020-08-23 16:24:21
591,Sembe,CG,1.65,14.58,74.12,87,100,1.74,overcast clouds,2020-08-23 16:24:21
592,Yarmouth,US,41.71,-70.23,81.0,69,1,6.93,clear sky,2020-08-23 16:24:21
593,Taoudenni,ML,22.68,-3.98,116.01,5,34,17.45,scattered clouds,2020-08-23 16:24:21
594,Dhidhdhoo,MV,6.88,73.1,84.4,69,31,8.16,light rain,2020-08-23 16:24:22
595,Adelaide,AU,-34.93,138.6,48.2,87,75,4.7,light intensity drizzle,2020-08-23 16:21:07
596,Neiafu,TO,-18.65,-173.98,77.0,88,75,8.05,broken clouds,2020-08-23 16:24:22
597,Shakawe,BW,-18.37,21.85,79.56,24,5,6.2,clear sky,2020-08-23 16:24:22
598,Batemans Bay,AU,-35.72,150.18,35.01,81,0,1.01,clear sky,2020-08-23 16:24:22
599,Parrita,CR,9.52,-84.32,75.2,78,40,8.05,scattered clouds,2020-08-23 16:24:22
600,Husavik,IS,66.04,-17.34,51.8,71,97,9.17,overcast clouds,2020-08-23 16:17:15
601,Zanjan,IR,36.67,48.48,66.2,55,40,35.57,scattered clouds,2020-08-23 16:24:23
602,Borogontsy,RU,62.67,131.17,43.23,62,88,0.58,overcast clouds,2020-08-23 16:18:04
603,Tororo,UG,0.69,34.18,69.93,83,75,3.38,light rain,2020-08-23 16:24:23
604,Inhambane,MZ,-23.86,35.38,71.01,77,0,2.24,clear sky,2020-08-23 16:20:39
605,Mumford,GH,5.26,-0.76,76.5,83,14,13.27,few clouds,2020-08-23 16:24:23
606,Gulariya,NP,28.23,81.33,80.56,82,0,4.16,clear sky,2020-08-23 16:24:23
607,Dawlatabad,AF,36.41,64.91,88.72,11,0,6.26,clear sky,2020-08-23 16:24:23
608,Povoa De Varzim,PT,41.38,-8.76,80.01,64,30,13.87,scattered clouds,2020-08-23 16:24:24
609,Qandala,SO,11.47,49.87,88.95,56,0,2.3,clear sky,2020-08-23 16:24:24
610,Dehloran,IR,32.69,47.27,94.26,13,0,10.02,clear sky,2020-08-23 16:24:24
611,Chapais,CA,49.78,-74.85,66.2,63,75,5.82,broken clouds,2020-08-23 16:24:24
612,Champerico,GT,14.3,-91.92,80.6,78,75,4.7,broken clouds,2020-08-23 16:21:28
613,Petropavlovsk-Kamchatskiy,RU,53.05,158.65,50.0,100,75,4.47,light intensity shower rain,2020-08-23 16:22:08
614,Illapel,CL,-31.63,-71.17,61.75,44,11,6.13,few clouds,2020-08-23 16:23:58
615,Sindou,BF,10.67,-5.17,81.07,77,16,8.75,moderate rain,2020-08-23 16:24:25
616,Belmonte,BR,-15.86,-38.88,73.4,78,75,6.93,shower rain,2020-08-23 16:21:18
617,Kataysk,RU,56.29,62.58,55.33,88,71,5.53,broken clouds,2020-08-23 16:24:25
618,Labuhan,ID,-6.88,112.21,79.0,76,32,7.74,scattered clouds,2020-08-23 16:21:29
619,Sujiatun,CN,41.66,123.34,73.4,73,90,6.71,overcast clouds,2020-08-23 16:24:25
620,Madera,US,37.17,-119.83,82.99,40,0,3.65,clear sky,2020-08-23 16:24:25
621,Songjianghe,CN,42.19,127.48,59.09,94,99,4.12,overcast clouds,2020-08-23 16:24:26
622,Ambon,ID,-3.7,128.18,75.0,17,92,11.27,overcast clouds,2020-08-23 16:20:58
623,Ulaanbaatar,MN,47.91,106.88,57.2,62,0,4.47,clear sky,2020-08-23 16:19:42
624,Bilibino,RU,68.05,166.44,38.75,91,100,3.0,light rain,2020-08-23 16:24:26
625,Yerakion,GR,37.0,22.7,91.0,42,0,5.79,clear sky,2020-08-23 16:24:26
626,Erzin,TR,36.96,36.2,87.01,44,0,4.0,clear sky,2020-08-23 16:24:26
627,Turayf,SA,31.67,38.66,91.4,22,0,11.41,clear sky,2020-08-23 16:24:26
628,Gaoua,BF,10.3,-3.25,86.13,57,6,8.52,clear sky,2020-08-23 16:24:26
629,Rosetta,EG,31.4,30.42,87.8,55,0,11.41,clear sky,2020-08-23 16:24:27
630,Jambi,ID,-1.6,103.62,74.68,92,74,0.92,light rain,2020-08-23 16:24:27
631,Nouakchott,MR,18.09,-15.98,87.8,66,75,23.04,sand,2020-08-23 16:22:21
632,Maningrida,AU,-12.07,134.27,64.56,67,0,10.42,clear sky,2020-08-23 16:24:27
633,Verkhniy Avzyan,RU,53.53,57.54,49.48,91,46,3.04,scattered clouds,2020-08-23 16:24:27
634,Prieska,ZA,-29.66,22.75,70.66,23,0,8.23,clear sky,2020-08-23 16:24:27
635,Miri,MY,4.41,114.01,78.01,94,40,3.36,light rain,2020-08-23 16:24:27
636,Bafilo,TG,9.35,1.27,82.4,61,75,5.82,broken clouds,2020-08-23 16:24:28
637,Coari,BR,-4.08,-63.14,93.0,30,0,2.82,clear sky,2020-08-23 16:24:28
638,Mikhaylovskoye,RU,51.82,79.72,63.86,50,65,5.17,broken clouds,2020-08-23 16:24:28
639,Sao Felix Do Xingu,BR,-6.64,-51.99,100.56,20,0,5.17,clear sky,2020-08-23 16:20:50
640,Hirara,JP,24.8,125.28,84.47,78,100,31.99,overcast clouds,2020-08-23 16:24:28
641,North Myrtle Beach,US,33.82,-78.68,84.99,83,20,3.36,few clouds,2020-08-23 16:22:54
642,Okhotsk,RU,59.38,143.3,44.62,71,17,1.32,few clouds,2020-08-23 16:16:12
643,Mettingen,DE,52.32,7.78,68.0,72,40,13.87,light intensity shower rain,2020-08-23 16:24:29
644,Kupang,ID,-10.17,123.58,73.83,76,0,9.69,clear sky,2020-08-23 16:24:29
645,Soyo,AO,-6.13,12.37,78.8,74,75,6.93,broken clouds,2020-08-23 16:21:09
646,Matara,LK,5.95,80.54,79.02,86,1,6.08,clear sky,2020-08-23 16:21:58
647,Tutoia,BR,-2.76,-42.27,86.02,59,18,14.88,few clouds,2020-08-23 16:24:29
648,Akdepe,TM,42.06,59.38,86.0,33,0,18.34,clear sky,2020-08-23 16:24:29
649,Grand Island,US,40.92,-98.34,84.2,51,1,6.93,clear sky,2020-08-23 16:21:14
650,Gilgit,PK,35.92,74.31,88.32,16,3,2.28,clear sky,2020-08-23 16:24:30
651,Arman,RU,59.7,150.17,41.2,68,0,10.33,clear sky,2020-08-23 16:20:34
652,Baillif,GP,16.02,-61.75,87.8,66,75,12.75,broken clouds,2020-08-23 16:24:30
653,Tilichiki,RU,60.47,166.1,44.29,91,96,9.82,overcast clouds,2020-08-23 16:21:53
654,Cockburn Town,TC,21.46,-71.14,83.61,76,100,36.17,light rain,2020-08-23 16:19:57
655,Morondava,MG,-20.28,44.28,73.89,86,0,10.51,clear sky,2020-08-23 16:24:30
656,Takoradi,GH,4.88,-1.76,78.15,78,59,12.95,broken clouds,2020-08-23 16:21:17
657,Atagay,RU,55.1,99.39,53.73,77,0,3.2,clear sky,2020-08-23 16:24:31
658,Imeni Poliny Osipenko,RU,52.42,136.49,54.36,76,100,2.71,overcast clouds,2020-08-23 16:24:31
659,Taitung,TW,22.76,121.14,81.84,71,81,4.92,broken clouds,2020-08-23 16:24:31
660,Canton,CN,23.12,113.25,88.0,66,20,2.24,few clouds,2020-08-23 16:21:32
661,Sri Aman,MY,1.24,111.46,78.8,94,96,1.01,light rain,2020-08-23 16:24:31
662,Hualmay,PE,-11.1,-77.61,66.38,63,20,7.56,few clouds,2020-08-23 16:18:38
663,Ola,RU,59.58,151.28,43.05,64,50,10.96,scattered clouds,2020-08-23 16:24:32
664,Bambanglipuro,ID,-7.95,110.28,76.17,83,81,4.72,broken clouds,2020-08-23 16:24:32
665,Vung Tau,VN,10.35,107.08,82.81,80,99,11.3,light rain,2020-08-23 16:24:32
666,Tessalit,ML,20.2,1.01,103.06,20,25,12.5,scattered clouds,2020-08-23 16:21:47
667,Williston,US,48.15,-103.62,70.0,51,0,3.0,clear sky,2020-08-23 16:24:32
668,Basco,PH,20.45,121.97,83.98,77,72,25.95,broken clouds,2020-08-23 16:21:46
669,Bull Savanna,JM,17.89,-77.59,85.32,67,65,3.76,broken clouds,2020-08-23 16:24:32
670,Tamale,GH,9.4,-0.84,85.14,62,83,8.23,broken clouds,2020-08-23 16:24:24
671,Crotone,IT,39.09,17.12,87.8,52,0,10.29,clear sky,2020-08-23 16:21:37
672,Ryotsu,JP,38.08,138.43,73.4,88,29,1.12,scattered clouds,2020-08-23 16:24:33
673,Bukama,CD,-9.2,25.85,87.17,28,77,3.87,broken clouds,2020-08-23 16:24:33
674,San Juan,AR,-31.54,-68.54,65.53,23,0,4.07,clear sky,2020-08-23 16:21:34
675,Kathu,TH,7.92,98.33,84.99,94,20,6.55,few clouds,2020-08-23 16:21:37
676,Den Helder,NL,52.96,4.76,66.0,68,75,14.99,broken clouds,2020-08-23 16:24:33
677,Tonantins,BR,-2.87,-67.8,87.37,42,0,3.15,clear sky,2020-08-23 16:24:33
678,Pochutla,MX,15.74,-96.47,80.6,78,90,4.74,drizzle,2020-08-23 16:24:33
679,Dandong,CN,40.13,124.39,66.4,93,100,2.73,overcast clouds,2020-08-23 16:24:33
